#,Dataset,Market,Sample File,Reference Link,Description & Use
1,ES Futures Quote (Sample),CME Group,es_futures_quote.csv,https://www.cmegroup.com/markets/equities/sp/e-mini-sandp500.quotes.html,Snapshot of the E-mini S&P 500 futures price level used as the underlying reference for all option pricing and volatility examples.
2,ES Futures Contract Specifications,CME,es_futures_specs.csv,https://www.cmegroup.com/markets/equities/sp/e-mini-sandp500.contractSpecs.html,"Contract size, tick value, trading hours, and expiration cycle used to parameterize futures pricing and PnL calculations."
3,ES Options Contract Specifications,CME,es_options_specs.csv,https://www.cmegroup.com/markets/equities/sp/e-mini-sandp500.contractSpecs.options.html#optionProductId=138,"Option-specific conventions (multiplier, tick size, settlement, exercise style) encoded into option valuation models."
4,ES Options Chain (Synthetic Sample),CME (structure),es_options_chain_synthetic.csv,https://www.cmegroup.com/markets/equities/sp/e-mini-sandp500.options.html,Synthetic options chain reflecting real strike and expiration structure. Prices and implied volatilities are model-generated for illustration.
5,ES Futures & Options Settlements (Sample),CME,es_settlements_sample.csv,https://www.cmegroup.com/markets/equities/sp/e-mini-sandp500.settlements.html,Select settlement prices used as point-in-time benchmarks for validating pricing models. Full exchange tables are not reproduced.
6,QuikStrike Pricing Inputs (Reference),CME,quikstrike_inputs_sample.csv,https://www.cmegroup.com/tools-information/quikstrike/options-calculator.html,Exchange reference pricing inputs used to sanity-check model outputs without reproducing calculator interfaces.
7,CME Options Calendar,CME,es_expirations.csv,https://www.cmegroup.com/tools-information/quikstrike/options-calendar.html,Listing and expiration dates used to construct realistic maturity grids for options modeling.
8,QuikVol Volatility Observations,CME,es_vol_observations.csv,https://www.cmegroup.com/tools-information/quikstrike/pricing-volatility-strategy-tools/quikvol-tool.html,Qualitative observations of volatility term structure and skew used to motivate volatility modeling. No charts or data are reproduced.
9,CME Trading Simulator,CME,es_options_chain_synthetic.csv,https://www.cmegroup.com/trading_tools/simulator,Educational tool used solely for visual familiarization with market structure and option chains. No data or screenshots are used in the book.
10,SPX Options Chain (Synthetic Sample),Cboe Global Markets,spx_options_chain_sample.csv,https://www.cboe.com/delayed_quotes/spx/quote_table,European-style index options used as a clean benchmark for futures-versus-index validation. Synthetic prices preserve structure without redistributing exchange data.
11,XSP Options Chain (Scaled Synthetic Sample),CBOE,xsp_options_chain_sample.csv,https://www.cboe.com/delayed_quotes/xsp/quote_table,Scaled Mini-SPX options chain used for size-adjusted comparison against SPX options.
12,SPX Contract Specifications,CBOE,spx_specs.csv,https://www.cboe.com/tradable_products/sp_500/spx_options/specifications/,"Confirms European exercise, cash settlement, and contract multiplier, removing ambiguity when comparing index and futures options."
